OTUs,DISEASE_1,DISEASE_2,DISEASE_3,DISEASE_4,HEALTHY_1,HEALTHY_2,HEALTHY_3,HEALTHY_4,BLANK_1,BLANK_2,BLANK_3,BLANK_4
OTU101,0,0,0,0,0,0,44,0,0,0,0,0
OTU1011,11,103,0,44,252,167,106,173,223,88,96,31
OTU105,0,0,0,0,0,0,39,0,0,0,0,0
OTU1052,0,0,0,0,32,0,0,0,0,0,0,121
OTU106,0,0,0,0,0,0,0,12,0,8,5,0
OTU1060,4,0,0,15,17,5,17,0,39,43,35,47
OTU1067,0,0,0,0,0,0,0,0,0,0,0,33
OTU1069,0,0,0,0,0,0,0,0,0,0,0,31
OTU1070,0,9,0,0,0,0,0,71,0,0,0,0
OTU1083,0,0,0,0,0,50,0,0,0,0,107,41
OTU11,0,0,0,0,0,29,0,0,0,0,0,0
OTU1101,941,5918,196,4160,8629,6242,9029,11689,12388,12038,9351,3781
OTU1102,0,0,0,0,0,0,64,0,0,0,0,0
OTU1104,101,0,0,0,0,0,0,0,0,0,0,188
OTU1105,0,13,0,0,0,0,82,0,0,74,0,0
OTU1106,0,0,0,0,0,0,0,0,42,0,0,0
OTU1110,0,0,0,19,0,0,21,0,0,0,37,0
OTU1114,0,0,0,0,0,57,0,0,0,0,0,0
OTU1115,0,15,0,4,6,0,0,0,0,7,121,7
OTU1125,0,12,0,0,60,0,43,0,50,0,0,0
OTU1126,0,0,0,0,0,0,0,0,0,0,0,82
OTU1132,0,0,0,0,0,0,32,0,0,138,0,0
OTU1133,0,0,0,0,0,0,0,49,0,0,0,0
OTU1145,0,0,0,0,7,0,0,0,21,0,0,8
OTU1146,0,13,0,0,0,0,0,0,57,0,66,27
OTU1152,0,0,0,0,0,0,0,0,0,0,59,0
OTU1154,0,0,0,0,0,0,0,0,0,0,0,29
OTU1157,0,0,0,0,0,0,0,82,0,0,0,0
OTU116,0,0,0,0,0,92,403,0,0,0,0,0
OTU1161,0,0,0,0,5,0,0,10,7,0,8,0
OTU1162,0,0,0,0,0,0,0,0,0,0,0,41
OTU1163,0,0,0,0,0,19,0,113,0,0,0,0
OTU1164,11,106,14,164,46,32,11,144,84,65,0,140
OTU1172,0,11,0,2,8,1,18,0,28,0,0,0
OTU1176,16,0,0,0,2,0,0,0,3,0,0,14
OTU1178,6,46,0,22,21,154,50,21,94,297,57,200
OTU1179,0,7,0,0,0,0,0,0,0,0,81,0
OTU1181,0,9,0,8,8,0,0,25,0,0,0,16
OTU1187,0,33,0,10,29,5,42,0,51,0,0,0
OTU1191,0,10,0,40,139,47,160,238,140,82,106,46
OTU1192,0,0,0,17,3,32,20,0,0,0,0,0
OTU1200,0,0,0,7,0,0,0,49,0,0,0,0
OTU1205,9,15,0,38,64,92,92,100,72,0,83,56
OTU1206,0,0,0,9,6,0,0,0,21,30,0,0
OTU1207,11,7,0,0,28,0,0,0,20,0,0,0
OTU121,0,0,0,0,0,0,0,0,36,0,0,80
OTU1213,0,22,0,0,0,0,0,0,0,0,0,21
OTU1216,18,0,0,0,33,0,0,0,15,0,103,0
OTU1217,0,0,0,0,0,0,0,0,0,0,49,0
OTU1219,0,0,0,0,19,0,0,25,14,0,41,0
OTU122,1140,0,0,0,0,0,0,0,0,0,0,149
OTU1220,0,0,0,0,0,0,0,0,0,0,0,24
OTU1222,0,0,0,0,0,0,0,0,0,0,0,38
OTU123,832,35,35,0,0,57,25,0,0,0,0,477
OTU1232,0,0,0,0,0,0,0,0,0,0,0,77
OTU1240,0,0,0,0,0,0,0,0,0,37,0,0
OTU1257,4,12,0,19,102,0,47,27,49,65,0,0
OTU126,127,0,0,0,0,0,0,0,0,0,0,0
OTU1260,0,0,0,0,14,0,0,37,0,0,0,22
OTU1263,0,0,0,9,358,263,0,292,90,0,0,37
OTU1266,0,0,0,0,0,32,61,0,0,0,0,0
OTU1268,0,0,0,0,0,0,0,0,0,0,212,0
OTU127,19,0,0,0,0,0,0,36,0,0,0,0
OTU1271,0,7,0,0,0,23,0,0,0,0,0,0
OTU1272,0,43,0,13,46,31,33,14,33,76,9,63
OTU1278,0,0,0,0,0,0,0,14,0,23,0,0
OTU128,0,29,0,0,0,0,0,0,0,0,0,0
OTU1281,13,0,0,0,0,0,0,0,0,0,0,41
OTU1287,0,0,0,0,0,0,0,0,0,0,0,144
OTU1288,0,0,0,97,0,0,0,0,0,0,0,0
OTU129,0,24,0,0,0,0,0,0,0,19,0,0
OTU1291,0,0,0,0,0,0,0,0,0,64,0,0
OTU130,0,0,0,0,0,0,0,0,0,45,0,0
OTU1316,79,0,0,0,0,0,0,0,0,0,0,0
OTU133,0,0,0,33,0,0,0,0,0,0,0,0
OTU1339,0,0,0,0,0,0,0,0,0,0,0,24
OTU1340,37,0,0,0,0,0,0,0,0,0,0,0
OTU1344,0,0,0,0,0,60,0,0,0,0,0,21
OTU1349,0,0,0,4,0,0,0,5,13,0,0,5
OTU1358,0,0,0,0,0,0,0,0,0,0,52,0
OTU1364,0,10,0,7,0,7,0,0,0,0,0,0
OTU1366,0,0,0,0,0,0,0,0,53,0,0,0
OTU1368,0,0,0,0,0,0,0,0,0,0,78,0
OTU138,371,0,0,0,55,135,0,0,0,0,0,0
OTU1401,0,0,0,0,0,49,0,0,0,0,0,0
OTU1404,0,0,0,0,0,0,0,0,0,0,0,87
OTU1405,23,8,0,0,0,0,0,0,0,0,0,82
OTU1411,0,0,0,0,17,7,0,0,0,0,0,16
OTU1422,0,0,0,0,0,57,0,0,0,0,0,0
OTU1423,0,285,0,101,0,146,313,527,283,0,232,96
OTU1424,61,7,11,20,371,0,0,84,0,323,0,10
OTU1425,0,0,0,0,0,22,16,0,22,0,0,0
OTU1426,0,0,0,0,55,0,0,0,0,28,0,0
OTU143,12,0,0,0,39,0,0,5,0,0,0,0
OTU1432,13,42,0,15,136,0,0,189,100,0,60,65
OTU1435,0,0,0,0,0,0,0,0,0,0,0,583
OTU1438,0,0,0,0,0,82,0,0,0,0,0,0
OTU1446,0,0,0,0,0,0,125,0,0,21,0,0
OTU145,0,28,0,0,0,0,0,0,0,25,0,0
OTU1451,0,8,0,45,0,18,40,0,80,29,25,0
OTU1453,0,0,0,0,0,0,0,0,0,0,0,58
OTU1455,0,93,0,0,0,0,0,0,0,0,0,0
OTU1465,0,0,0,0,0,0,0,0,0,0,0,24
OTU1472,0,7,0,40,68,0,0,0,0,0,53,0
OTU1473,0,0,0,29,0,0,0,0,0,0,0,0
OTU1475,0,11882,0,0,0,0,0,0,0,0,0,0
OTU1479,0,27,0,0,0,0,0,41,0,0,0,0
OTU1481,0,224,0,92,0,0,0,0,0,0,0,0
OTU1484,0,0,0,0,0,0,5,21,0,0,0,0
OTU1496,0,0,0,0,0,0,0,0,0,47,0,0
OTU1499,46,0,0,0,0,0,0,0,0,0,0,0
OTU1503,0,68,0,0,0,0,57,205,102,98,55,15
OTU1504,20,0,0,19,61,48,0,0,0,37,0,0
OTU1507,0,45,0,0,0,0,0,0,0,0,0,0
OTU151,0,0,0,0,0,0,0,0,0,74,0,0
OTU1512,0,0,0,0,0,0,62,0,0,0,0,0
OTU1514,0,0,0,0,0,0,0,0,160,0,0,0
OTU152,69,0,0,0,0,0,0,0,0,0,0,0
OTU1524,211,18,0,25,21,0,0,0,0,0,0,0
OTU1542,0,0,0,0,0,3,20,8,0,0,0,0
OTU1543,0,4,0,23,0,0,0,0,0,0,22,0
OTU1545,0,0,0,2,0,1434,0,0,0,0,0,0
OTU1546,0,0,0,0,0,0,0,0,7,0,0,73
OTU1554,0,420,0,0,0,0,0,0,0,0,0,0
OTU1555,0,0,0,0,0,0,167,0,0,0,0,0
OTU1558,0,0,0,0,0,0,0,0,84,0,0,0
OTU1568,0,0,0,0,0,0,158,0,0,0,0,0
OTU1570,0,0,0,0,0,178,26,0,0,0,53,0
OTU1579,0,0,0,25,0,0,0,0,0,0,0,0
OTU1580,0,44,0,0,0,0,0,0,0,122,0,0
OTU1581,0,0,0,0,0,0,0,0,0,0,27,0
OTU1584,0,0,0,0,0,0,0,0,97,0,0,0
OTU1586,0,0,0,0,0,0,0,0,0,0,0,338
OTU159,0,0,0,0,31,0,0,0,0,0,0,0
OTU1592,0,0,0,39,0,0,81,202,0,0,24,0
OTU1594,2,18,0,18,0,0,0,0,0,13,0,44
OTU1595,0,0,0,0,38,0,0,0,0,0,0,0
OTU1608,0,0,0,0,0,0,0,0,0,0,318,17
OTU1609,0,0,0,37,0,0,0,0,0,0,0,0
OTU162,0,19,0,0,0,7,0,0,0,0,0,0
OTU1627,0,22,0,0,0,0,61,0,0,0,0,0
OTU1629,2786,0,0,0,0,0,0,0,0,0,0,0
OTU1630,212,0,0,0,0,0,0,0,0,0,0,0
OTU1635,33,0,0,0,0,0,0,0,0,0,0,0
OTU1636,31,0,0,0,0,0,0,0,0,0,0,0
OTU1640,47,0,0,0,0,0,0,0,0,0,0,0
OTU1643,63,0,0,0,0,0,0,0,0,0,0,0
OTU1644,27,0,0,0,0,0,0,0,0,0,0,0
OTU1645,29,0,0,0,0,0,0,0,0,0,0,0
OTU1648,26,0,0,0,0,0,0,0,0,0,0,0
OTU165,117,0,0,0,0,0,0,0,0,0,0,0
OTU1654,104,0,0,0,0,0,0,0,0,0,0,0
OTU1655,34,0,0,0,0,0,0,0,0,0,0,17
OTU166,0,29,0,0,0,0,0,0,0,0,0,0
OTU1660,308,0,0,0,0,0,0,0,0,0,0,0
OTU1663,0,25,0,0,0,0,0,0,0,0,0,0
OTU1664,29,0,0,0,0,0,0,0,0,0,0,0
OTU1665,28,0,0,0,0,0,0,0,0,0,0,0
OTU1666,260,0,0,0,0,0,0,0,0,0,0,0
OTU1669,100,0,0,0,0,0,0,0,0,0,0,0
OTU1681,84,0,0,0,0,0,0,0,0,0,0,0
OTU1682,0,0,0,0,0,0,9,0,0,0,0,56
OTU1684,1927,17,16,26,0,15,0,0,0,0,0,136
OTU1690,38,0,0,0,5,0,0,0,0,0,0,0
OTU1691,0,0,0,0,0,24,116,145,0,0,0,0
OTU1694,0,0,0,0,0,0,0,49,0,0,0,0
OTU1698,0,0,0,0,0,43,0,34,0,0,0,0
OTU1700,0,0,0,0,0,0,1425,0,0,0,0,0
OTU1703,12,0,0,0,0,0,0,0,0,0,0,68
OTU1704,0,0,0,0,0,0,64,0,0,0,0,0
OTU1711,0,0,0,0,0,0,607,0,0,0,0,0
OTU1715,0,0,0,0,0,0,0,0,0,0,0,41
OTU1716,25,0,0,0,32,8,0,80,0,0,0,0
OTU1717,0,8,0,148,0,0,0,0,6,0,104,4
OTU1718,0,17,8,0,135,114,300,0,0,0,0,0
OTU1723,0,0,0,0,0,0,0,0,0,123,0,0
OTU1727,0,0,0,0,41,0,0,0,0,0,0,13
OTU1733,0,0,0,0,0,0,0,0,0,0,0,58
OTU1734,12,0,0,0,48,0,0,0,0,0,0,0
OTU1735,59,0,0,10,68,0,0,67,0,0,0,0
OTU1737,8,318,62,76,174,1234,11696,4008,859,370,70,53
OTU1738,110,0,0,0,0,0,0,0,0,75,71,208
OTU1739,0,23,0,0,0,0,0,0,58,0,0,0
OTU1740,0,0,0,159,0,343,45,0,0,15,0,0
OTU1741,0,0,0,0,0,0,167,0,0,0,0,0
OTU1742,0,24,0,33,0,0,0,105,0,0,0,0
OTU1743,0,0,0,0,0,27,0,0,0,0,0,0
OTU1744,0,0,0,0,13,0,0,55,0,0,0,0
OTU1745,99,12,0,0,0,0,0,0,0,0,9,15
OTU1746,40,0,0,0,0,0,12,0,0,0,0,10
OTU1748,0,6,0,0,0,17,402,0,0,0,0,0
OTU1754,0,0,0,0,0,0,0,0,0,0,0,39
OTU1755,0,0,0,38,0,0,0,0,0,0,0,0
OTU1758,0,0,0,0,0,0,0,58,0,0,0,0
OTU1760,0,0,0,24,0,0,0,0,0,0,0,0
OTU1761,281,0,0,0,0,22,12,0,0,0,0,659
OTU1762,22,1,0,0,0,0,0,0,0,0,0,246
OTU1763,0,2,7,0,2,0,0,21,0,0,0,0
OTU1766,0,0,0,25,0,0,0,0,0,0,0,0
OTU1767,0,0,12,0,15,0,0,0,38,0,0,0
OTU1769,0,7,0,18,0,0,0,0,0,0,0,8
OTU1774,0,0,0,0,0,0,0,0,20,50,0,0
OTU1776,61,0,0,0,0,0,0,0,0,0,0,0
OTU1779,0,0,0,0,0,0,68,0,0,0,0,0
OTU1781,0,0,0,0,26,0,0,0,0,0,0,0
OTU1786,158,0,0,0,0,0,0,0,0,0,0,126
OTU1792,637,0,18,0,0,0,0,0,0,0,0,216
OTU1795,736,0,10,0,0,73,0,0,0,0,0,170
OTU1807,40,0,0,0,0,0,0,0,0,0,0,0
OTU1809,46,0,0,0,0,0,0,0,0,0,0,0
OTU1818,250,0,11,0,0,0,0,0,0,0,0,0
OTU1821,157,0,0,0,0,0,0,0,0,0,0,95
OTU1824,0,0,0,0,0,0,0,0,0,27,0,0
OTU1830,0,0,0,4,0,760,25,0,0,0,0,13
OTU1833,0,0,0,0,0,25,8,0,0,0,0,0
OTU1840,0,0,0,0,34,0,0,0,0,0,0,0
OTU1847,0,30,0,0,0,0,0,0,0,0,0,0
OTU1852,0,0,0,24,0,0,4,0,0,0,0,0
OTU1853,0,0,0,0,81,0,0,0,0,0,0,0
OTU1863,13,0,0,36,0,0,0,0,0,0,0,0
OTU1872,0,0,0,0,0,33,0,0,0,0,0,0
OTU1875,0,0,0,0,0,93,0,106,0,0,0,0
OTU1877,0,0,0,0,0,17,0,0,0,80,0,0
OTU1878,0,83,0,0,0,261,0,0,252,0,0,0
OTU1886,0,0,0,36,0,0,0,0,0,0,0,91
OTU1887,0,44,0,0,28,0,0,0,0,0,22,0
OTU189,0,0,0,0,0,0,0,0,0,85,0,0
OTU1892,0,0,0,0,0,0,0,222,0,0,0,0
OTU1894,0,0,3,0,0,0,35,0,27,0,0,0
OTU1896,0,0,0,0,0,155,0,0,0,0,0,0
OTU1897,0,50,0,74,150,1646,137,0,957,48,0,0
OTU1899,0,0,0,0,0,0,0,0,0,0,0,81
OTU1903,0,18,0,22,0,0,0,0,0,0,0,0
OTU1905,0,0,0,0,0,450,194,0,273,0,0,0
OTU1908,0,0,0,0,0,14,0,0,0,1343,146,0
OTU1909,0,0,0,0,0,62,0,0,0,0,0,0
OTU1914,9,0,0,63,0,68,0,278,1,43,68,21
OTU1916,0,0,0,0,0,0,0,0,60,0,0,0
OTU1918,0,0,0,23,0,0,69,0,0,0,0,22
OTU1922,0,12,0,20,0,75,111,0,0,0,0,0
OTU1930,0,0,0,5,0,0,0,0,0,0,0,68
OTU1956,0,3,12,0,2,0,3,9,3,0,0,0
OTU1982,0,25,0,50,0,0,161,0,35,0,0,0
OTU1983,2,0,21,0,39,96,0,31,0,0,0,52
OTU1999,0,0,0,0,0,0,72,0,0,0,0,0
OTU2006,0,0,0,0,0,0,0,0,0,0,0,60
OTU2007,0,0,0,26,0,0,0,99,0,0,0,0
OTU2015,0,0,0,0,0,0,0,0,0,67,0,0
OTU2020,42,16,16,0,0,0,56,89,0,0,0,46
OTU2022,0,0,0,0,0,0,0,0,0,0,41,0
OTU2023,27,36,20,0,0,94,130,0,0,0,0,0
OTU2027,57,11,34,76,14,41,0,0,246,168,0,195
OTU2028,29,2,0,0,25,0,96,3,0,0,0,0
OTU2031,0,74,0,7,0,74,100,3,0,0,0,0
OTU2040,9,0,0,28,25,0,0,0,49,0,0,0
OTU2041,0,0,0,0,0,69,0,2,22,39,0,13
OTU2042,39,20,74,107,16,0,15,9,0,36,0,0
OTU2043,0,0,23,31807,0,0,0,0,0,0,0,0
OTU2045,0,38,0,0,0,0,0,0,0,0,0,0
OTU2048,0,0,4,0,0,0,0,0,0,50,0,3
OTU2053,0,21,0,33,0,163,0,0,0,0,0,0
OTU2055,165,0,0,216,0,0,0,0,0,0,0,0
OTU2056,0,0,0,28,0,0,0,0,0,0,0,0
OTU2062,29,0,0,0,0,0,0,0,0,0,0,0
OTU2091,0,35,95,33,28,24,44,21,0,18,0,0
OTU2102,33,0,0,0,0,0,0,0,0,0,0,0
OTU2118,0,0,0,0,0,106,0,0,0,0,20,0
OTU2132,0,0,0,0,48,0,0,0,0,0,0,0
OTU2138,0,37,0,0,0,0,0,0,0,0,0,0
OTU2141,0,0,0,0,0,0,39,0,0,0,0,0
OTU2146,0,11,0,0,0,31,0,0,0,0,0,0
OTU2148,0,0,0,0,0,224,0,0,0,0,0,0
OTU2157,173,0,0,89,0,0,0,0,0,0,0,0
OTU216,0,0,0,14,0,0,0,0,16,0,0,0
OTU2164,0,0,15,0,0,18,0,0,0,0,0,0
OTU2165,0,0,0,0,0,0,0,0,0,0,3,43
OTU2166,0,39,0,0,0,0,0,0,0,0,0,0
OTU2169,50,0,0,0,0,0,0,0,0,0,0,0
OTU2174,54,0,0,0,0,0,0,0,0,0,0,0
OTU2185,0,0,0,4,0,0,21,0,0,0,0,0
OTU222,0,0,0,26,0,0,0,0,0,0,0,0
OTU2236,0,25,0,0,0,0,0,0,0,0,0,0
OTU2271,0,0,0,0,0,0,0,0,27,0,0,0
OTU2273,0,0,0,0,0,0,0,0,0,0,0,39
OTU2283,0,0,0,0,0,0,0,0,0,0,0,108
OTU2287,0,0,0,75,0,0,0,0,0,0,0,0
OTU2294,0,0,0,0,0,0,0,0,0,0,0,74
OTU231,0,0,0,71,0,0,0,0,0,0,0,0
OTU2323,0,0,0,0,0,0,0,0,0,0,0,68
OTU2335,48,0,0,0,0,0,0,0,0,0,0,0
OTU2342,0,0,0,0,0,43,0,0,0,0,0,0
OTU236,646,0,0,0,0,0,0,0,0,5,3,158
OTU241,197,14,78,0,0,38,0,0,0,0,0,268
OTU2412,0,0,0,0,0,34,0,0,46,0,0,0
OTU242,0,24,0,0,26,4,32,47,0,0,0,194
OTU2470,0,0,0,0,0,0,0,0,0,0,0,90
OTU249,0,0,0,0,0,0,58,0,0,0,0,0
OTU251,0,0,0,0,0,19,0,0,15,0,0,0
OTU252,0,29,46,12,4,9,6,0,4,0,5,94
OTU2529,0,0,0,0,0,0,0,0,0,0,0,36
OTU2535,3,0,0,0,0,0,0,0,0,0,0,48
OTU255,5,0,0,71,62,64,91,0,0,0,34,112
OTU256,0,0,0,0,44,0,0,0,0,0,0,0
OTU2570,0,0,0,0,0,0,0,0,0,0,0,88
OTU2576,0,0,0,0,0,26,0,0,0,0,0,0
OTU259,77,0,6,0,0,36,11,44,0,0,0,97
OTU260,38,0,0,0,0,0,0,0,0,0,0,0
OTU2616,0,29,0,64,0,199,0,0,0,0,4,0
OTU262,65,0,0,0,0,0,0,0,0,0,0,0
OTU2620,0,0,0,0,0,0,0,82,0,0,0,0
OTU2621,7,0,0,0,0,0,0,0,18,0,0,9
OTU2625,0,0,0,5,0,1,3,0,6,4,8,0
OTU2626,0,0,0,0,0,0,0,108,0,0,0,0
OTU263,0,0,0,0,0,0,0,0,0,0,0,158
OTU2654,0,0,0,0,0,0,0,71,0,0,0,0
OTU266,115,0,0,0,0,0,0,0,0,0,0,0
OTU2671,0,37,0,0,0,0,0,0,0,0,0,0
OTU2672,0,0,0,0,0,0,32,0,0,0,0,0
OTU2674,0,0,0,32,0,0,0,0,0,0,0,0
OTU2677,0,0,0,0,0,50,0,0,0,0,0,0
OTU271,65,0,0,0,0,0,0,0,0,0,0,0
OTU273,0,0,0,0,0,0,0,0,0,0,0,95
OTU274,158,0,0,0,0,0,0,0,0,0,0,0
OTU2743,0,0,0,0,0,0,0,0,0,0,0,65
OTU2775,0,0,0,0,0,42,0,0,0,0,0,0
OTU2779,0,0,0,29,0,32,0,0,0,0,0,0
OTU2782,0,0,0,0,0,39,0,0,0,0,0,0
OTU281,0,0,0,0,0,0,0,41,0,0,0,0
OTU2817,0,0,0,0,0,0,0,0,58,0,0,0
OTU2823,0,0,0,0,0,39,0,0,0,0,0,0
OTU283,0,0,0,0,0,24,0,0,0,0,0,0
OTU2872,0,0,0,0,0,55,0,0,0,0,0,0
OTU2878,0,0,0,0,0,0,0,0,0,0,0,44
OTU288,47,0,0,28,0,0,0,0,0,0,0,0
OTU2880,70,0,0,0,0,0,0,0,0,0,0,0
OTU289,0,0,0,0,0,0,0,0,0,0,0,195
OTU2891,24,0,0,0,4,0,0,0,0,0,0,0
OTU2892,0,0,0,30,0,91,0,0,0,0,0,0
OTU2899,0,0,0,47,0,96,0,0,0,0,0,0
OTU290,0,0,0,0,26,0,0,0,0,0,0,13
OTU2920,0,0,0,0,0,0,0,117,0,0,0,0
OTU2922,0,0,0,85,0,0,0,0,0,0,0,0
OTU2924,181,0,0,0,0,0,0,0,0,0,0,0
OTU2929,0,0,0,173,0,0,0,0,0,0,0,0
OTU2941,0,44,0,0,0,0,13,0,0,0,0,0
OTU2955,0,0,0,0,0,0,0,0,0,0,0,40
OTU2956,0,0,0,0,0,0,0,0,0,46,0,0
OTU2959,181,0,0,0,0,0,0,0,0,0,0,0
OTU296,0,0,0,0,0,0,0,0,0,0,0,200
OTU2960,0,0,0,0,0,0,140,0,0,0,0,0
OTU2967,277,0,0,0,0,0,0,0,0,0,0,0
OTU2968,0,172,0,0,0,0,0,0,0,0,0,0
OTU2973,0,0,0,51,0,0,0,0,0,0,0,0
OTU2975,0,0,0,0,0,0,0,0,0,0,0,348
OTU2978,0,0,0,0,0,46,0,0,0,0,0,0
OTU298,29,0,0,0,0,0,0,0,0,0,0,0
OTU2983,0,0,0,86,0,0,0,0,0,0,0,0
OTU2985,0,0,0,0,0,71,0,0,0,0,0,0
OTU3005,0,0,0,0,0,0,0,0,52,0,0,0
OTU3008,0,0,0,0,102,0,0,0,0,0,0,0
OTU3009,0,0,0,0,0,139,0,0,0,0,0,0
OTU304,0,0,0,0,0,0,25,0,0,0,0,0
OTU3044,0,25,0,0,0,0,0,0,0,0,0,0
OTU3055,0,24,0,0,0,0,0,0,0,0,0,0
OTU3069,5,0,0,0,0,0,0,0,0,0,0,55
OTU307,0,0,0,18,0,10,0,0,0,0,0,0
OTU3078,8,0,0,9,0,0,0,0,0,0,0,9
OTU308,0,0,0,0,37,64,0,67,0,101,0,0
OTU3082,36,0,0,0,0,0,0,0,0,0,0,0
OTU310,10,79,0,111,344,150,238,139,161,202,115,143
OTU311,0,55,0,0,0,0,0,0,0,54,0,0
OTU3112,0,0,0,0,0,57,0,0,0,0,0,0
OTU3117,0,0,0,0,0,27,0,0,0,0,0,0
OTU315,0,0,0,0,228,230,91,0,0,0,281,43
OTU3160,0,0,0,9,0,28,0,0,0,0,0,0
OTU3176,25,0,0,0,0,0,0,0,0,0,0,0
OTU3188,0,27,0,0,0,0,0,0,0,0,0,0
OTU319,139,0,0,0,0,30,0,0,0,0,0,0
OTU3225,16,10,0,0,0,0,0,0,0,0,0,0
OTU324,60,0,0,48,0,0,0,0,0,0,0,0
OTU3249,0,0,0,0,0,0,0,39,0,0,0,0
OTU327,26,0,0,0,0,0,0,0,0,0,0,0
OTU330,83,0,0,0,0,0,0,0,0,0,0,0
OTU3301,0,0,0,0,0,0,0,0,0,40,0,0
OTU331,34,0,0,0,0,0,0,0,0,0,0,0
OTU3313,0,0,0,0,0,37,0,0,0,0,0,0
OTU3316,10,8,9,78,4,184,76,181,82,18,0,144
OTU3323,0,0,0,0,0,39,0,0,0,0,0,0
OTU336,0,0,0,0,0,0,0,0,0,0,0,123
OTU343,0,0,0,0,0,52,0,0,0,0,0,0
OTU345,0,0,0,0,22,19,98,0,129,0,21,0
OTU3456,0,0,0,31,0,0,0,0,0,0,0,0
OTU3478,12,0,0,2,0,0,21,0,0,0,0,22
OTU3500,0,0,0,0,0,0,0,10,0,9,0,5
OTU3516,0,0,0,0,0,28,0,0,0,0,0,0
OTU3522,0,0,0,0,0,0,52,0,0,0,0,0
OTU3524,0,0,0,0,0,0,41,0,0,0,0,0
OTU3525,0,30,0,0,0,0,0,0,0,0,0,0
OTU3528,0,0,0,0,0,25,0,0,0,0,0,0
OTU355,135,0,0,0,0,0,0,0,0,0,0,0
OTU356,0,0,0,0,0,57,0,0,0,0,0,0
OTU3579,0,0,0,24,0,0,0,0,0,0,0,0
OTU3584,26,0,0,10,0,0,0,0,0,0,0,0
OTU359,108,58,0,50,0,0,0,0,0,0,0,0
OTU360,0,0,0,0,17,0,0,0,0,0,0,43
OTU3628,0,0,0,0,0,39,0,0,0,0,0,0
OTU364,91,69,0,31,0,0,0,0,0,0,0,0
OTU3642,75,0,0,0,9,0,14,0,0,0,0,0
OTU3675,0,36,0,63,0,191,0,0,0,0,0,0
OTU3676,0,0,0,0,0,0,0,0,30,0,0,0
OTU3702,0,0,0,0,0,0,33,0,0,0,0,0
OTU3703,0,0,0,2,0,0,0,0,0,60,0,0
OTU371,0,0,0,38,0,0,0,0,0,0,0,0
OTU3719,6,0,0,0,7,0,0,0,14,0,0,0
OTU372,0,0,0,31,0,0,0,0,0,0,0,0
OTU3727,0,0,0,0,0,24,0,0,0,0,7,17
OTU3734,0,0,0,0,0,70,0,0,0,57,0,35
OTU3737,0,0,0,0,12,99,0,0,0,0,0,133
OTU374,23,0,0,0,0,0,0,92,0,0,0,0
OTU3743,0,0,0,0,0,7,0,0,34,0,0,0
OTU3750,0,0,0,27,0,13,0,0,0,0,0,0
OTU3762,9,0,0,31,0,97,50,0,203,0,0,0
OTU377,143,0,0,0,0,0,0,0,0,0,0,0
OTU3771,11,0,0,0,0,0,62,0,0,0,66,0
OTU3772,0,0,0,0,0,0,0,0,6,19,0,0
OTU3773,0,62,0,31,47,82,0,0,171,0,0,0
OTU3777,0,0,0,0,0,0,0,0,94,0,0,0
OTU3781,0,0,0,0,0,0,0,26,0,0,0,0
OTU3783,0,7,18,0,5,0,4,0,0,2,1,0
OTU3785,0,0,0,0,0,0,0,0,0,39,0,0
OTU3786,0,0,0,0,0,0,0,0,0,0,0,90
OTU379,56,0,0,0,0,0,0,0,0,0,0,0
OTU3795,0,36,0,9,11,0,0,41,0,0,31,0
OTU3797,0,0,0,9,7,14,19,0,11,27,0,0
OTU3798,0,0,0,0,0,0,0,0,0,0,26,0
OTU38,0,2,0,3,22,4,6,0,0,10,10,3
OTU383,1101,0,0,0,16,0,0,0,0,0,0,0
OTU384,0,0,0,0,0,0,0,48,0,0,0,0
OTU3842,0,0,0,0,0,0,0,36,0,0,0,0
OTU387,48,0,0,0,0,0,0,0,0,0,0,0
OTU3879,0,0,0,0,0,73,0,0,0,0,0,0
OTU388,150,0,0,0,0,0,0,0,0,0,0,0
OTU389,25,0,0,0,0,0,0,0,0,0,0,0
OTU3891,8,0,0,0,0,0,0,0,0,0,0,49
OTU3892,4,0,0,0,0,80,27,0,0,0,0,0
OTU3893,21,0,0,0,0,26,79,0,0,0,0,0
OTU3896,0,0,0,0,31,0,0,0,0,0,0,0
OTU3897,0,0,0,0,0,52,64,0,0,0,33,0
OTU3898,0,0,0,0,0,16,25,0,0,0,0,0
OTU39,0,0,0,0,0,0,2,0,0,0,14,28
OTU390,0,0,0,0,0,40,0,0,0,0,0,0
OTU3900,0,29,0,0,116,0,0,0,25,0,0,0
OTU3905,0,34,0,0,0,0,0,0,0,0,0,0
OTU3909,0,0,0,0,0,0,0,0,0,0,0,44
OTU391,18,0,0,0,0,0,0,0,0,0,0,164
OTU3911,0,0,0,0,29,15,14,0,0,38,0,0
OTU3913,0,0,0,0,0,0,0,0,0,0,0,34
OTU3915,0,37,0,0,0,0,0,0,0,0,0,0
OTU3917,0,0,0,0,27,0,0,0,0,0,0,0
OTU3937,0,0,0,0,0,26,0,0,0,0,0,0
OTU3952,0,0,0,0,0,0,40,0,0,0,0,29
OTU3953,0,0,0,0,0,9,35,0,0,0,0,10
OTU3959,0,0,0,0,36,0,0,0,0,0,0,0
OTU396,0,0,7,0,56,0,0,0,0,0,0,7
OTU3969,0,0,0,0,0,0,26,0,0,0,0,0
OTU3971,0,0,0,0,0,0,38,0,0,0,0,0
OTU3975,0,0,0,0,0,0,0,0,0,0,26,0
OTU3978,0,30,0,0,0,0,0,0,0,0,0,0
OTU398,0,0,0,0,0,0,0,0,0,0,0,56
OTU3986,0,12,0,0,36,41,84,0,49,59,0,0
OTU3987,0,66,0,0,0,0,0,64,0,0,0,6
OTU399,49,0,0,0,0,0,0,0,0,0,0,0
OTU3990,0,0,0,0,0,28,0,0,0,0,0,0
OTU3991,47,0,0,0,0,0,0,0,0,0,0,0
OTU3999,0,0,0,0,0,0,36,0,0,0,0,0
OTU400,0,0,0,0,0,0,0,0,54,0,0,0
OTU4011,76,0,0,0,0,0,0,0,0,0,0,0
OTU4016,25,0,0,0,0,0,0,0,0,0,0,0
OTU4018,24,0,0,0,0,0,0,0,0,0,0,0
OTU402,0,0,0,22,0,5,0,0,0,0,0,0
OTU403,0,0,0,0,0,0,50,0,0,0,0,0
OTU4036,25,0,0,0,0,0,0,0,0,0,0,0
OTU4063,0,0,0,0,0,0,35,0,0,0,0,0
OTU408,0,0,0,0,0,27,49,0,0,0,0,0
OTU4081,0,0,0,14,27,0,0,0,0,0,0,0
OTU4089,0,0,0,0,0,0,0,0,0,63,0,0
OTU409,40,0,0,0,55,0,0,0,0,0,0,0
OTU4090,89,179,0,341,186,271,133,124,78,1,85,144
OTU4091,0,0,0,0,0,0,0,84,0,0,0,0
OTU4092,0,0,0,0,41,0,0,0,0,0,0,0
OTU4093,0,44,0,0,0,0,0,0,0,0,0,0
OTU4094,0,0,0,31,0,0,0,51,0,0,0,35
OTU4095,6,0,0,0,56,42,0,0,0,0,0,0
OTU4097,0,0,0,0,25,0,0,0,0,0,0,0
OTU4103,57,0,0,0,0,0,0,0,0,0,0,0
OTU4105,0,0,0,0,0,0,0,0,20,0,36,0
OTU411,0,9,0,18,0,0,92,0,0,7,0,0
OTU412,132,165,0,0,0,17,0,0,0,0,0,99
OTU4126,0,0,0,0,0,0,0,36,0,0,0,0
OTU414,0,60,0,86,148,36,0,74,67,175,172,148
OTU4156,0,0,0,34,0,0,0,0,0,0,48,0
OTU4176,151,0,0,38,0,37,56,0,0,0,0,0
OTU4186,0,0,0,0,0,0,31,0,0,1,0,0
OTU4188,0,0,0,45,0,0,0,0,0,0,0,0
OTU4193,0,0,0,0,8,15,0,0,7,0,0,0
OTU4195,0,0,0,0,0,0,0,0,0,0,0,217
OTU4202,26,0,0,0,0,0,0,0,0,0,0,0
OTU4223,0,0,0,0,0,0,0,0,32,0,0,0
OTU4228,30,0,0,0,0,0,0,0,0,0,0,13
OTU4240,10,12,24,0,0,5,52,0,0,54,0,3
OTU4242,0,0,0,15,0,22,0,51,0,0,0,0
OTU4243,0,0,0,0,0,0,245,0,7,0,0,64
OTU4245,0,0,0,0,0,0,0,0,0,0,0,238
OTU4249,0,3,0,0,19,0,0,8,23,0,0,0
OTU425,0,0,0,0,0,32,0,0,0,0,0,0
OTU4251,0,12,0,0,0,0,0,0,49,0,0,0
OTU4257,0,0,0,0,26,0,0,0,0,0,0,0
OTU426,0,0,0,0,0,0,0,0,0,25,0,0
OTU4271,0,0,0,0,0,0,0,13,0,0,0,32
OTU4273,0,0,0,0,0,20,0,0,0,27,0,0
OTU4280,0,0,0,0,65,0,0,0,0,0,0,50
OTU4283,0,0,0,0,0,9,0,0,24,0,44,0
OTU4289,0,0,0,26,74,0,0,0,0,0,0,0
OTU4292,0,0,0,0,0,0,0,0,0,0,0,25
OTU4293,0,0,0,0,0,45,0,0,0,90,0,0
OTU43,0,0,0,0,54,0,0,0,0,0,0,0
OTU4300,0,0,0,0,0,0,0,0,16,0,16,0
OTU431,0,42,0,0,0,0,0,0,0,0,0,0
OTU4311,0,0,0,0,30,19,0,0,47,0,0,0
OTU4314,0,0,0,0,12,29,0,0,0,0,0,0
OTU4319,0,0,0,0,7,0,0,0,0,33,0,0
OTU4328,0,0,0,0,0,0,0,0,0,0,0,809
OTU4347,0,7,0,10,0,8,44,0,16,0,0,0
OTU4352,0,0,0,27,0,0,0,0,0,0,0,0
OTU4362,0,0,0,24,0,0,0,0,0,0,0,0
OTU4375,0,0,0,13,28,0,0,0,0,0,0,0
OTU4378,0,2,0,0,6,0,0,8,2,4,0,24
OTU4382,0,0,0,0,0,0,0,0,0,0,0,40
OTU4385,0,88,0,0,0,0,0,0,0,5,0,0
OTU4395,0,0,0,0,0,0,0,0,0,18,0,6
OTU44,0,8,0,27,54,11,15,45,2,11,15,66
OTU4402,0,136,0,35,0,0,0,0,0,82,399,0
OTU441,0,40,0,0,0,0,0,0,0,0,0,0
OTU4413,0,0,0,0,0,0,58,0,0,0,0,0
OTU4417,0,0,0,0,0,0,0,0,0,0,71,0
OTU4419,0,15,0,0,32,19,0,0,0,0,0,0
OTU4422,0,0,0,0,25,0,0,0,0,0,0,0
OTU4423,0,0,0,0,23,0,0,49,0,0,0,0
OTU4426,0,0,0,16,0,0,53,0,0,0,0,0
OTU4427,0,0,0,0,0,0,0,0,28,0,0,0
OTU4428,0,0,0,0,0,0,33,0,0,0,0,0
OTU443,0,0,0,38,0,0,0,0,0,0,0,0
OTU4430,0,0,0,0,0,0,78,0,0,0,0,0
OTU4437,0,6,0,38,11,9,28,120,49,36,3,0
OTU4438,17,0,0,0,0,53,57,0,0,0,0,0
OTU4447,0,8,0,18,0,0,0,0,0,0,0,0
OTU4449,0,9,0,0,54,0,0,0,15,0,0,0
OTU4454,0,44,0,0,0,0,0,0,0,0,0,0
OTU4456,0,14,0,7,11,36,1,0,0,0,0,0
OTU4457,0,0,0,0,11,0,0,0,0,0,0,38
OTU4458,0,0,0,0,0,27,0,0,0,0,0,0
OTU4459,0,16,0,0,0,15,0,0,22,0,0,0
OTU4460,0,29,0,0,20,13,34,0,0,72,17,26
OTU4465,0,26,0,0,0,0,0,0,0,0,0,0
OTU4467,0,0,0,0,12,0,6,85,4,0,3,0
OTU447,0,0,0,0,0,0,0,0,0,0,0,53
OTU4472,0,0,0,0,0,28,0,0,0,0,0,0
OTU4474,0,0,0,0,0,0,0,0,0,25,0,0
OTU4489,0,0,0,8,0,5,44,0,36,0,0,0
OTU4491,0,0,0,0,41,0,0,0,0,0,0,0
OTU4498,0,0,0,0,0,28,0,0,0,0,0,0
OTU4505,0,0,0,0,0,0,60,0,0,0,0,0
OTU4507,0,56,0,0,0,7,0,0,0,0,0,0
OTU4527,160,0,0,0,0,0,0,0,0,0,0,0
OTU4530,0,0,0,0,0,28,0,0,0,0,0,0
OTU4532,0,0,0,0,0,0,0,0,0,3,33,0
OTU4535,8,0,0,17,0,0,0,0,0,4,0,0
OTU4542,23,0,0,0,24,0,0,0,0,0,0,0
OTU4547,78,0,0,0,0,0,0,0,0,0,0,0
OTU455,0,0,0,0,0,0,0,0,0,133,0,0
OTU4554,0,24,0,18,0,0,0,0,0,0,0,0
OTU4555,22,0,0,73,0,0,0,0,0,0,0,0
OTU4556,0,0,0,61,0,0,0,0,0,0,0,0
OTU4558,0,0,0,0,0,19,0,0,0,0,0,27
OTU4559,0,0,0,0,0,87,0,0,0,0,0,0
OTU4561,0,0,0,0,0,147,0,0,0,0,0,0
OTU4562,0,0,0,0,7,0,0,0,0,6,12,0
OTU4565,0,0,0,14,41,0,94,31,0,24,35,0
OTU4568,0,72,0,16,0,0,0,0,0,0,0,0
OTU4570,0,31,0,0,0,21,45,0,0,0,0,0
OTU4577,14,18,0,0,45,40,0,0,105,26,0,0
OTU4579,5,0,0,0,0,0,0,0,0,20,0,0
OTU4581,0,0,0,0,94,32,0,0,0,0,23,74
OTU4582,0,0,0,0,0,0,0,0,0,36,0,0
OTU4586,0,14,0,3,0,0,30,0,0,0,9,0
OTU4589,0,24,0,0,16,0,0,0,0,0,0,0
OTU4592,0,6,0,0,0,8,0,0,0,0,0,13
OTU4594,0,14,0,0,0,20,0,0,15,0,0,0
OTU4596,0,14,0,0,6,5,0,0,0,0,0,0
OTU4609,0,0,0,0,21,0,0,0,76,0,0,0
OTU4611,0,45,0,25,0,0,0,0,0,59,0,0
OTU4615,15,0,0,20,0,4,26,55,7,0,0,0
OTU4636,0,0,0,35,0,0,0,0,0,0,0,0
OTU464,0,0,0,24,29,0,12,0,48,0,0,0
OTU4644,0,0,0,0,0,41,0,0,0,0,0,0
OTU465,49,0,0,26,19,0,0,0,0,0,0,0
OTU4652,0,0,0,0,0,0,0,0,63,0,0,0
OTU466,0,50,0,0,0,81,30,0,0,74,46,44
OTU4660,0,0,0,0,53,49,0,0,0,56,0,0
OTU4662,0,0,0,0,143,40,61,68,39,26,39,0
OTU4663,0,23,0,0,77,0,0,18,0,0,0,0
OTU4664,0,0,0,6,10,0,51,0,23,0,16,0
OTU4668,0,0,0,0,105,0,0,0,0,0,0,0
OTU4686,0,0,0,0,0,0,0,0,0,24,0,0
OTU4687,0,19,0,0,56,0,20,90,73,114,149,16
OTU4693,0,4,0,0,0,11,0,0,20,7,0,0
OTU4694,0,8,0,0,13,0,0,36,0,0,18,0
OTU4695,0,0,0,0,0,0,0,0,0,0,42,0
OTU4697,0,0,0,0,6,0,0,25,0,7,0,0
OTU4699,4,0,0,0,30,9,0,42,33,0,18,11
OTU4705,0,0,0,0,0,75,0,0,0,0,0,0
OTU4712,0,0,0,0,25,0,0,0,0,0,0,0
OTU4717,0,0,0,0,3,0,0,0,21,0,14,0
OTU4718,0,4,0,15,38,49,0,0,19,45,63,35
OTU4719,0,0,0,0,0,0,33,40,0,14,0,0
OTU4723,0,0,0,0,12,23,0,3,0,2,0,0
OTU4727,0,0,0,0,0,0,33,0,0,0,0,0
OTU4728,0,0,0,5,20,28,0,0,6,9,0,6
OTU4730,0,0,0,0,0,11,0,0,18,38,14,0
OTU4732,0,0,0,0,0,0,29,0,0,0,0,0
OTU4733,0,0,0,0,39,0,0,0,0,0,0,0
OTU4735,0,0,0,0,0,5,0,18,1,0,0,3
OTU4737,0,12,0,0,22,0,0,0,0,0,8,0
OTU4738,0,0,0,0,58,12,0,0,0,77,5,0
OTU4745,0,0,0,0,0,19,62,0,0,0,0,0
OTU4747,0,0,0,0,0,0,32,0,0,0,0,0
OTU4755,0,0,0,0,33,0,0,0,0,0,0,0
OTU4760,0,5,0,0,59,59,47,64,47,35,0,24
OTU4764,0,0,0,7,26,0,0,0,0,18,0,0
OTU4780,33,0,0,0,0,0,0,0,0,0,0,0
OTU4791,0,2,0,0,0,0,43,0,0,0,0,0
OTU4795,0,60,0,45,200,73,0,0,0,65,121,112
OTU4796,0,18,0,32,0,0,0,0,0,41,60,0
OTU4797,0,0,0,0,0,0,28,0,0,0,0,0
OTU4799,0,0,0,0,16,0,31,0,0,0,0,19
OTU4808,0,0,0,0,0,54,10,0,0,0,0,18
OTU4811,0,0,0,0,81,0,0,0,0,0,0,28
OTU4812,112,914,44,904,1164,1289,1090,359,1150,1251,821,339
OTU4815,3,10,0,0,0,0,23,5,0,0,0,0
OTU4816,0,0,0,0,0,0,0,0,16,0,0,9
OTU4817,0,0,0,18,26,0,0,0,0,0,0,0
OTU4818,0,33,0,0,0,0,0,0,0,0,0,0
OTU4819,0,0,0,0,0,2,38,0,0,0,0,0
OTU4821,0,0,0,0,0,0,0,32,0,0,0,0
OTU4822,0,0,0,0,3,22,3,12,28,0,0,16
OTU4825,0,9,0,0,0,0,16,0,0,0,0,0
OTU4826,0,0,0,0,6,0,0,0,0,23,0,0
OTU484,5,0,0,0,8,0,0,13,1,0,0,0
OTU4841,0,0,0,0,2,0,0,0,28,0,0,0
OTU4843,0,0,0,0,25,0,0,0,20,0,0,0
OTU4854,0,0,0,0,63,0,0,0,0,0,14,0
OTU4857,0,0,0,0,0,0,0,0,0,2,0,25
OTU4858,55,0,0,0,0,0,0,0,0,0,0,0
OTU4863,0,18,0,15,24,9,12,19,6,1,4,13
OTU4864,28,50,0,0,0,4,40,20,0,0,0,38
OTU4867,0,0,0,0,22,0,14,0,0,0,0,0
OTU4868,6,0,0,0,0,0,14,0,7,0,3,0
OTU4885,0,13,0,4,0,0,0,39,0,49,21,0
OTU4886,0,0,0,0,0,26,112,0,18,55,0,20
OTU4887,9,0,0,0,108,10,43,13,44,0,10,0
OTU4888,0,5,0,0,2,10,0,0,0,0,0,16
OTU4889,0,0,0,0,0,0,0,28,0,0,0,0
OTU4892,0,0,0,0,0,0,0,0,0,0,43,0
OTU4893,0,42,0,8,42,33,46,146,69,73,62,9
OTU4894,0,43,0,17,260,92,156,143,101,100,45,49
OTU4895,0,0,0,0,34,0,0,0,0,13,0,21
OTU490,0,0,0,25,0,0,0,0,0,0,0,0
OTU4900,0,12,0,10,24,19,14,6,0,12,0,0
OTU4902,0,0,0,0,70,8,0,15,0,1,11,32
OTU4903,36,256,12,204,1397,617,369,577,580,391,516,302
OTU4904,0,10,0,0,0,0,0,15,0,0,0,0
OTU4929,7,0,0,0,0,13,0,0,0,0,18,0
OTU4937,0,0,0,8,0,27,25,0,17,0,11,0
OTU4938,0,5,0,0,0,0,0,33,14,0,0,0
OTU4945,0,0,0,0,21,0,0,0,0,0,0,12
OTU4957,0,35,0,48,0,0,0,43,92,0,95,0
OTU4959,0,1,0,0,0,0,0,24,7,6,0,0
OTU4966,0,17,0,0,18,0,0,11,0,0,0,0
OTU4968,0,0,0,0,0,24,0,0,0,0,0,0
OTU4970,33,58,0,43,82,18,51,93,5,87,61,0
OTU4977,0,0,0,0,7,18,0,0,0,0,0,0
OTU5006,0,18,0,34,0,0,0,0,0,67,160,0
OTU5009,0,0,0,0,0,0,0,84,0,0,0,0
OTU5013,0,0,0,0,0,0,0,0,55,0,0,0
OTU5028,0,0,0,0,38,0,0,0,0,0,0,101
OTU5031,0,0,0,14,26,0,2,0,13,0,0,0
OTU5040,7,51,0,67,55,64,54,53,82,94,43,17
OTU5048,24,0,0,0,0,0,0,0,0,0,0,0
OTU5068,11,0,0,20,0,0,0,0,0,0,0,0
OTU5072,0,0,0,0,1,0,0,0,0,21,7,0
OTU5079,0,0,0,25,0,0,0,0,0,0,0,0
OTU5082,0,0,0,0,0,0,24,0,0,0,0,0
OTU5084,0,0,0,0,0,0,0,0,0,14,0,11
OTU5085,0,0,0,0,0,84,0,0,0,0,0,0
OTU5095,0,0,0,0,10,0,0,0,14,0,0,0
OTU51,0,0,0,0,62,0,0,0,0,37,0,0
OTU5102,0,0,0,0,0,0,0,0,0,64,0,0
OTU5103,0,0,0,0,0,0,0,0,41,0,0,0
OTU5107,0,0,0,0,0,0,0,36,0,0,0,0
OTU5108,0,9,0,5,41,6,8,8,22,0,0,13
OTU5118,0,0,0,0,14,15,0,0,0,0,0,35
OTU5123,0,0,0,0,30,0,0,0,40,0,8,0
OTU5124,0,2,0,0,0,0,0,0,0,30,0,0
OTU5128,0,0,0,0,0,88,0,0,0,0,0,0
OTU5138,0,7,0,5,7,0,9,36,0,0,0,2
OTU5179,0,0,0,0,0,0,0,0,0,53,0,0
OTU52,3,12,0,12,0,0,29,0,0,0,0,24
OTU5212,16,28,18,182,6,0,90,60,15,518,44,0
OTU5220,0,16,0,26,24,39,0,0,17,0,17,11
OTU5253,0,0,0,0,0,0,26,13,0,0,0,3
OTU526,0,0,0,0,0,0,0,29,0,0,0,0
OTU5294,0,0,0,10,18,0,0,0,0,0,0,0
OTU5295,0,0,0,3,24,0,0,0,0,0,0,0
OTU5311,0,0,0,0,4,0,11,0,11,0,65,0
OTU5315,0,0,0,0,0,0,0,0,0,0,0,46
OTU532,5,0,0,24,0,0,0,0,0,0,0,0
OTU5323,6,0,0,0,33,24,34,37,42,0,0,0
OTU5325,0,0,0,0,0,0,0,25,0,0,0,0
OTU5327,0,0,0,0,0,0,0,0,102,0,0,0
OTU5328,22,0,0,0,0,0,0,0,195,0,100,0
OTU5331,0,74,0,130,42,0,37,0,0,17,0,0
OTU5332,0,0,0,0,0,0,0,0,123,0,0,0
OTU5334,0,32,0,16,0,0,0,5,0,3,0,177
OTU5339,0,0,0,0,0,42,0,0,0,264,0,257
OTU5345,0,0,0,48,0,0,0,0,0,0,0,0
OTU5348,0,0,0,0,0,0,0,200,0,0,0,0
OTU5352,340,0,0,0,0,0,0,0,0,0,0,0
OTU5369,0,0,0,0,0,0,25,0,0,0,0,0
OTU5375,0,0,0,0,0,0,0,0,0,0,0,102
OTU5377,0,0,0,0,0,0,0,0,0,18,0,8
OTU5381,0,0,0,0,0,0,0,0,0,0,0,27
OTU5384,0,110,0,171,204,41,90,78,178,124,39,13
OTU5389,0,820,0,0,0,0,0,0,0,0,0,0
OTU5390,0,851,0,642,888,709,1167,1128,935,637,447,1166
OTU5391,0,640,0,822,1296,891,1490,2435,1560,1228,1051,2437
OTU5392,0,83,0,0,284,184,0,0,0,0,239,0
OTU5394,0,0,0,0,93,0,0,421,199,0,0,0
OTU5395,98,514,0,269,1164,482,774,1161,594,586,338,397
OTU5396,0,0,0,0,0,0,0,0,81,0,0,0
OTU5399,0,36,0,29,0,49,120,0,43,0,61,102
OTU5404,0,0,0,0,34,0,0,0,0,0,0,0
OTU5406,0,0,0,0,56,0,0,0,0,0,0,41
OTU5409,0,0,0,0,25,0,0,0,0,0,0,87
OTU5410,0,0,0,0,0,0,0,0,0,0,0,858
OTU5411,0,0,0,0,0,0,0,0,0,0,0,98
OTU5413,0,0,0,0,0,0,0,0,0,0,0,231
OTU5414,0,0,0,0,0,0,0,0,0,0,0,93
OTU5425,204,0,25,0,0,0,0,0,0,0,0,0
OTU5428,21,0,0,21,0,0,0,0,0,0,0,0
OTU5433,0,0,0,0,29,0,0,0,0,0,0,0
OTU5435,0,0,0,0,0,0,38,0,0,0,0,0
OTU5439,0,0,0,0,0,32,0,0,0,0,0,0
OTU5440,12,95,0,24,23,0,0,45,0,0,0,31
OTU5451,0,0,0,0,0,0,0,0,396,0,0,0
OTU5455,0,0,0,33,0,3,0,0,0,0,0,0
OTU5458,0,130,0,83,246,47,561,223,0,0,0,54
OTU5465,0,0,0,21,0,0,18,0,0,0,0,0
OTU5467,0,0,0,0,0,0,0,0,279,0,0,0
OTU5468,0,31,0,123,0,183,40,8,0,199,103,0
OTU5469,0,200,0,308,51,63,377,0,0,0,118,0
OTU5470,0,119,0,0,0,0,64,0,0,0,0,0
OTU5471,0,0,0,1,0,0,0,0,39,0,3,0
OTU5474,0,0,0,34,0,0,0,0,0,0,0,0
OTU5475,0,0,0,0,0,0,0,0,35,0,0,0
OTU5488,0,0,0,0,0,0,0,61,27,0,15,0
OTU5495,0,0,0,0,0,0,0,0,0,0,0,81
OTU5497,0,0,0,0,0,0,71,0,0,0,0,0
OTU5502,5,27,0,0,0,0,0,0,0,0,0,0
OTU5508,0,0,15,115,54,71,30,0,0,147,9,0
OTU5511,0,0,88,0,33,0,0,0,0,9,0,0
OTU5512,245,372,99848,233,26,96,92,17,92,75,13,36
OTU5517,0,0,0,31,0,0,0,0,2,0,0,0
OTU5519,60,0,0,0,0,0,0,0,0,0,0,0
OTU5521,0,16,0,0,0,0,0,0,0,10,0,0
OTU5523,0,0,0,0,7,2,0,20,0,0,0,21
OTU5529,0,0,0,0,6,0,13,0,3,95,0,0
OTU5531,18,0,0,0,0,0,0,233,0,76,0,61
OTU5533,26,0,0,0,0,0,0,0,0,0,0,0
OTU5539,0,0,0,0,0,0,0,0,0,68,0,0
OTU5544,0,46,0,24,40,0,6,153,0,154,6,40
OTU5554,0,0,0,0,0,36,6,2,0,0,0,0
OTU5556,0,73,0,2,0,90,66,0,26,0,0,0
OTU5557,0,348,0,323,173,71,472,442,425,402,449,290
OTU5558,81,491,17,405,317,660,813,190,293,914,78,150
OTU5560,0,0,0,0,0,0,0,0,0,0,42,0
OTU5561,0,0,0,53,0,0,0,0,127,78,0,0
OTU5562,0,0,0,0,0,0,73,0,0,0,0,0
OTU5567,0,0,0,0,0,0,0,0,0,142,0,0
OTU5568,0,91,0,0,0,0,0,0,0,0,81,0
OTU5569,0,0,0,0,31,0,0,0,0,0,0,146
OTU5570,0,0,0,0,0,0,0,0,0,0,0,44
OTU5572,0,0,0,0,4,0,0,0,0,0,0,113
OTU5573,0,0,0,0,0,0,0,0,0,0,0,57
OTU5574,0,0,0,0,0,0,0,0,0,0,0,1498
OTU5575,0,0,0,0,302,0,0,0,0,0,0,1825
OTU5579,0,0,0,0,0,0,0,0,0,124,0,0
OTU5582,0,0,0,0,0,0,0,0,0,0,0,111
OTU5583,0,0,0,0,2,0,0,0,0,0,0,49
OTU5584,0,0,0,0,39,0,0,0,0,0,0,122
OTU5589,0,0,0,21,0,0,30,35,0,0,0,0
OTU5594,5,0,0,7,17,6,0,0,0,0,0,13
OTU5596,92,0,0,0,13,0,0,0,10,0,13,43
OTU5597,0,0,0,0,0,24,26,69,18,0,0,0
OTU5599,0,0,0,60,59,32,111,50,0,71,87,0
OTU5603,890,158,0,109,6,48,104,34,116,30,0,135
OTU5604,231,3505,0,1771,14367,4253,3787,2549,1987,1830,912,1524
OTU5605,563,0,19,125,19,0,10,0,0,0,125,104
OTU5606,19,0,0,0,32,0,0,73,7,2,0,0
OTU5607,21,0,0,0,0,0,51,0,0,52,14,11
OTU5608,0,0,0,0,7,0,0,0,0,0,18,0
OTU5610,0,0,0,0,159,0,0,0,0,0,0,0
OTU5613,0,0,0,0,0,0,0,0,0,0,57,0
OTU5614,0,0,0,28,0,0,0,0,0,0,0,0
OTU5619,0,0,80,0,0,788,1430,35,0,0,0,94
OTU5621,37,0,0,0,0,0,0,0,0,0,0,0
OTU5628,0,58,0,0,0,53,68,0,11,35,0,8
OTU5630,0,0,0,0,0,0,0,0,0,0,0,24
OTU5633,0,39,0,0,0,0,0,0,0,0,0,0
OTU5639,0,0,0,0,0,108,456,0,2,0,0,261
OTU5640,0,0,0,0,6,8,25,0,0,0,0,0
OTU5647,0,0,13,0,50,141,197,0,0,0,1,42
OTU5649,0,0,0,0,0,33,0,0,0,0,0,0
OTU5652,0,0,0,0,0,0,133,0,0,0,10,0
OTU5655,0,0,0,0,67,11,0,0,0,0,0,0
OTU566,0,0,0,0,0,23,3,0,0,0,0,0
OTU5660,36,0,19,0,102,0,0,0,218,0,82,0
OTU5661,0,0,0,0,107,30,0,0,0,0,0,31
OTU5665,0,0,0,0,88,0,0,0,0,0,0,0
OTU5670,0,0,0,0,5,0,25,0,0,0,0,0
OTU5671,0,0,0,0,0,0,0,71,0,0,0,0
OTU5672,0,24,0,0,0,0,0,0,0,0,3,0
OTU5675,4,0,0,71,0,10,83,96,259,0,0,0
OTU5685,0,0,0,0,0,0,0,0,0,0,125,0
OTU5689,59,0,30,85,0,83,60,0,0,0,0,159
OTU5690,0,0,0,0,0,90,0,0,0,0,0,0
OTU5692,0,0,0,0,0,0,0,0,0,85,0,0
OTU5697,0,0,0,9,0,0,0,54,0,20,0,0
OTU5699,0,0,0,0,0,35,0,0,0,15,0,0
OTU5705,0,0,0,0,55,0,0,0,0,0,0,0
OTU5712,0,0,0,0,0,0,0,0,0,25,0,0
OTU5716,0,0,0,0,0,0,0,0,24,0,66,0
OTU572,0,10,0,0,0,0,12,0,0,0,39,0
OTU5721,102,0,0,0,0,0,0,0,0,0,0,0
OTU5726,0,0,0,0,0,44,0,0,0,0,0,0
OTU5730,118,0,0,0,0,0,0,0,0,0,0,0
OTU5742,0,0,0,0,0,0,0,90,0,0,0,77
OTU5744,0,9,0,0,2,9,0,0,0,11,0,0
OTU5745,0,95,0,0,40,74,39,0,36,0,28,24
OTU5747,0,0,0,0,0,0,0,0,0,0,86,0
OTU5748,0,0,0,0,0,105,0,0,0,0,0,0
OTU5750,0,0,0,0,0,0,0,0,0,77,0,0
OTU5752,0,0,0,0,0,38,0,0,0,0,0,0
OTU5753,0,0,0,22,0,73,0,0,0,0,0,0
OTU5754,72,151,0,125,273,87,326,0,24,66,0,0
OTU5755,0,0,0,0,0,18,0,0,0,0,0,37
OTU5758,0,30,0,7,7,0,0,0,0,0,0,0
OTU5761,0,0,0,57,0,30,59,0,145,0,0,0
OTU5762,0,0,0,0,0,45,0,0,0,0,0,0
OTU5763,87,0,0,0,0,0,0,0,0,0,0,0
OTU5764,0,0,0,0,0,0,0,0,0,73,0,0
OTU5771,0,0,0,0,0,0,0,162,0,0,0,0
OTU5773,0,0,0,34,0,0,0,0,46,0,0,0
OTU5776,0,56,0,0,14,0,15,0,0,0,0,0
OTU5780,0,0,0,0,30,0,0,0,22,0,0,44
OTU5781,2,0,0,0,14,2,81,198,0,0,0,0
OTU5783,0,0,0,0,0,42,0,0,0,0,0,0
OTU5784,0,0,0,0,0,0,0,0,0,33,0,0
OTU5785,0,0,0,192,0,0,56,0,0,0,0,2
OTU5786,0,0,0,0,0,17,0,4,0,21,0,81
OTU5787,0,0,0,0,0,0,0,0,24,0,96,15
OTU5789,0,191,0,0,183,458,46,221,140,253,86,31
OTU5790,0,0,0,0,0,139,0,0,0,0,0,0
OTU5793,0,12,0,0,0,0,63,0,44,0,0,0
OTU5796,0,67,0,68,0,0,0,0,0,0,0,398
OTU5797,0,0,0,0,133,0,0,0,0,0,0,146
OTU5798,0,0,0,0,0,0,0,0,0,0,0,1374
OTU58,0,0,0,0,0,0,0,0,0,0,0,35
OTU580,0,0,0,0,0,0,0,0,71,0,0,0
OTU5802,0,0,0,0,0,0,0,0,0,0,0,44
OTU5806,0,0,0,0,0,0,0,0,0,0,0,88
OTU5807,0,0,0,0,0,0,0,0,0,0,0,180
OTU5816,0,0,0,0,0,0,0,0,0,0,0,87
OTU5820,0,0,0,0,0,0,0,0,0,0,0,130
OTU5821,0,0,0,0,24,0,0,0,0,0,0,0
OTU5823,0,0,0,0,93,0,0,0,0,0,0,308
OTU5825,0,0,0,0,0,0,0,0,0,0,0,40
OTU5826,0,0,0,0,0,0,0,0,0,0,0,33
OTU5827,0,0,0,0,33,0,0,0,0,0,0,0
OTU583,91,815,58,374,960,583,1673,766,406,1370,227,2374
OTU5831,0,0,0,0,29,0,0,0,0,0,0,69
OTU5854,0,0,0,0,0,37,0,0,0,0,0,0
OTU5856,0,0,0,0,0,0,0,0,0,0,0,132
OTU5859,0,0,0,0,0,25,0,0,0,0,0,0
OTU586,0,14,0,0,0,0,61,80,0,5,30,0
OTU5862,35,0,0,0,0,0,0,0,0,0,0,0
OTU5864,10,51,0,10,58,71,98,0,19,0,0,77
OTU5865,0,0,0,5,16,0,0,0,3,0,0,0
OTU587,0,0,0,0,0,0,0,37,0,0,0,0
OTU5880,0,30,0,0,0,0,95,78,0,0,0,0
OTU589,3,0,0,0,0,0,0,0,0,0,0,36
OTU5905,0,0,0,0,0,0,0,0,29,0,0,0
OTU5921,0,8,0,0,0,0,23,0,0,0,0,0
OTU5924,0,22,0,0,0,51,0,31,7,0,93,38
OTU5936,0,0,0,26,0,43,0,0,23,0,0,0
OTU5937,23,13,0,0,0,0,0,0,157,46,0,0
OTU5941,0,0,0,0,0,0,0,0,0,0,34,0
OTU5943,0,0,0,0,24,0,0,0,0,8,0,64
OTU5951,0,0,0,0,0,51,0,0,0,0,0,0
OTU5953,0,0,0,0,0,0,23,0,0,0,0,28
OTU597,24,0,0,3,0,8,0,0,0,0,0,86
OTU5984,0,2,0,0,0,0,0,0,16,0,44,0
OTU5985,0,0,0,7,0,0,0,45,0,0,0,0
OTU6,0,0,0,0,0,0,0,0,5,12,19,0
OTU6013,0,0,0,0,4,0,2,3,11,8,11,0
OTU6021,0,3,0,3,17,20,0,97,10,66,0,53
OTU612,0,0,0,0,0,0,0,0,0,0,63,0
OTU613,0,0,0,0,0,32,0,0,0,0,0,0
OTU617,44,0,0,0,0,0,0,0,0,0,0,0
OTU620,43,0,0,0,0,0,0,0,0,0,0,0
OTU638,27,0,0,0,0,0,0,0,0,0,0,0
OTU642,0,0,0,0,0,0,0,0,0,60,0,0
OTU643,0,0,0,0,29,0,0,0,0,0,0,0
OTU645,0,0,0,0,119,125,0,0,34,21,0,91
OTU651,10,0,0,0,0,0,12,0,0,0,0,59
OTU655,0,0,4,0,2,151,32,0,2,32,0,15
OTU662,0,0,0,0,0,52,0,35,0,0,0,0
OTU665,0,0,2,0,0,0,0,0,0,0,0,23
OTU667,0,7,0,0,0,0,0,0,0,0,0,105
OTU674,0,0,0,0,0,43,0,0,0,0,0,0
OTU677,15,33,3,36,0,109,0,0,0,96,0,0
OTU686,0,0,0,24,0,0,0,0,0,0,0,60
OTU692,13,0,0,12,0,0,0,0,0,0,0,48
OTU693,0,9,0,0,0,2,0,0,22,0,0,0
OTU697,0,0,0,0,0,0,0,0,0,0,0,28
OTU704,42,0,0,0,0,0,9,0,0,0,0,0
OTU714,0,22,0,6,0,42,0,0,0,0,0,0
OTU722,0,14,0,39,0,0,0,0,0,0,0,0
OTU742,0,0,0,0,0,0,0,51,0,0,0,0
OTU746,0,85,0,20,0,118,0,0,0,0,52,0
OTU757,0,0,0,7,0,22,0,0,0,0,0,0
OTU765,0,0,0,10,0,27,0,0,0,0,0,0
OTU770,0,0,0,27,7,0,0,0,0,0,0,0
OTU772,0,0,0,0,0,27,0,0,0,0,0,0
OTU788,0,24,0,0,0,0,0,0,0,0,0,43
OTU790,12,63,7,97,10,568,47,20,634,0,75,82
OTU799,0,4,0,25,0,0,0,0,0,0,0,0
OTU812,0,0,0,0,0,34,0,0,0,0,0,0
OTU87,39,0,0,0,0,0,0,0,0,0,0,0
OTU89,50,25,0,0,0,0,0,0,0,0,0,0
OTU90,25,16,0,0,0,0,0,0,0,0,0,0
OTU908,0,0,0,0,0,0,0,0,0,0,0,35
OTU918,3,16,9,56,6,334,55,57,86,0,0,171
OTU925,6,9,0,0,2,0,10,0,0,9,3,185
OTU94,0,0,0,0,0,0,0,0,0,58,0,0
OTU940,29,0,0,0,0,0,0,0,0,0,0,0
OTU968,0,22,0,15,0,0,0,0,0,0,0,0
